{"cameraMode":{"drawMode":0,"name":"Shaded","section":"Shading Mode"},"sceneLighting":false,"audioPlay":false,"sceneViewState":{"showFog":true,"showMaterialUpdate":false,"showSkybox":false,"showFlares":true,"showImageEffects":true,"showParticleSystems":true},"in2DMode":false,"pivot":{"x":22.29827880859375,"y":4.618679523468018,"z":0.6062308549880981},"rotation":{"x":-0.29170364141464236,"y":0.2574981451034546,"z":-0.08186105638742447,"w":-0.9175540804862976},"size":42.1605110168457,"orthographic":false}