{"cameraMode":{"drawMode":0,"name":"Shaded","section":"Shading Mode"},"sceneLighting":true,"audioPlay":false,"sceneViewState":{"showFog":true,"showMaterialUpdate":false,"showSkybox":true,"showFlares":true,"showImageEffects":true,"showParticleSystems":true},"in2DMode":false,"pivot":{"x":-1.3693920373916627,"y":-7.4085469245910648,"z":-13.419404983520508},"rotation":{"x":-0.6618699431419373,"y":0.0004478484333958477,"z":-0.0003951975959353149,"w":-0.7496203184127808},"size":52.62925338745117,"orthographic":false}