{"cameraMode":{"drawMode":0,"name":"Shaded","section":"Shading Mode"},"sceneLighting":false,"audioPlay":false,"sceneViewState":{"showFog":true,"showMaterialUpdate":false,"showSkybox":false,"showFlares":true,"showImageEffects":true,"showParticleSystems":true},"in2DMode":false,"pivot":{"x":0.4371934235095978,"y":0.373330295085907,"z":0.710930347442627},"rotation":{"x":-0.08711964637041092,"y":0.04242219775915146,"z":-0.003712895791977644,"w":-0.9952889084815979},"size":2.7660329341888429,"orthographic":false}